x,y,angle,diameter,shape,color
0.35,0.22923309,0.0,0.05859375,BALL,GREEN
0.75,0.26048306,0.0,0.12109375,BALL,BLUE
0.30078125,0.14446744,0.0,0.0390625,BALL,RED
