x,y,angle,diameter,shape,color
0.35,0.029421475,0.0,0.05859375,BALL,GREEN
0.75,0.060664047,0.0,0.12109375,BALL,BLUE
0.30078125,0.019648321,0.0,0.0390625,BALL,RED
