x,y,angle,diameter,shape,color
0.35,0.10864712,0.0,0.05859375,BALL,GREEN
0.75,0.1398971,0.0,0.12109375,BALL,BLUE
0.30078125,0.023881478,0.0,0.0390625,BALL,RED
