x,y,angle,diameter,shape,color
0.35,0.03352523,0.0,0.05859375,BALL,GREEN
0.75,0.06476424,0.0,0.12109375,BALL,BLUE
0.4140625,0.35978532,0.0,0.015625,BALL,RED
