x,y,angle,diameter,shape,color
0.35,0.20517972,0.0,0.05859375,BALL,GREEN
0.75,0.23642969,0.0,0.12109375,BALL,BLUE
0.4140625,0.6907266,0.0,0.015625,BALL,RED
