x,y,angle,diameter,shape,color
0.35,0.116367176,0.0,0.05859375,BALL,GREEN
0.75,0.14761715,0.0,0.12109375,BALL,BLUE
0.4140625,0.60191405,0.0,0.015625,BALL,RED
