x,y,angle,diameter,shape,color
0.35,0.07961719,0.0,0.05859375,BALL,GREEN
0.75,0.110867165,0.0,0.12109375,BALL,BLUE
0.4140625,0.5651641,0.0,0.015625,BALL,RED
