x,y,angle,diameter,shape,color
0.35,0.035477582,0.0,0.05859375,BALL,GREEN
0.75,0.0667166,0.0,0.12109375,BALL,BLUE
0.4140625,0.4706094,0.0,0.015625,BALL,RED
