x,y,angle,diameter,shape,color
0.35,0.031534612,0.0,0.05859375,BALL,GREEN
0.75,0.06277363,0.0,0.12109375,BALL,BLUE
0.4140625,0.50295705,0.0,0.015625,BALL,RED
