x,y,angle,diameter,shape,color
0.35,0.036740858,0.0,0.05859375,BALL,GREEN
0.75,0.067979865,0.0,0.12109375,BALL,BLUE
0.4140625,0.40533996,0.0,0.015625,BALL,RED
