iter,loss
0,0.0511088508805927
1,0.0032695593269948644
2,0.0032052265308978576
3,0.009848092331651504
4,0.09195428948790674
5,0.056244346565134364
