iter,loss,event_time
0,0.04490803562641879,30
1,0.04526775515802578,30
2,0.046114464601773944,30
3,0.045640726858376265,30
4,0.04616214251723261,30
