iter,loss,event_time
0,0.05977241927583656,2
1,0.034356812781103994,3
2,0.03238017946661828,3
3,0.036309402596954185,4
4,0.02676319435564998,2
5,0.0241977400471833,2
6,0.03235351542160401,4
7,0.025195809028533037,2
8,0.022387369030938,2
9,0.022108046975219002,2
10,0.02194294338883613,2
