iter,loss,event_time
0,0.0061048898500090714,5
1,0.014407495366460198,14
2,0.008599864204076088,8
3,0.00904256395361113,13
4,0.004609506380552786,5
